{
  "metrics": {
    "linear_regression": {
      "mae": 36.87743270231223,
      "rmse": 48.66249282240903,
      "r2": 0.9246716891580662,
      "cv_mae_mean": 37.3619191590777,
      "cv_mae_std": 1.7455296910764648
    },
    "lasso": {
      "mae": 36.823264022529514,
      "rmse": 48.69208123871152,
      "r2": 0.9245800570653654,
      "cv_mae_mean": 37.22061334405048,
      "cv_mae_std": 1.6985747454807734,
      "best_params": {
        "model__alpha": 0.01,
        "model__max_iter": 40000
      },
      "tuning_cv_mae": 37.22061334405048
    }
  },
  "diagnostics": {
    "adjusted_r2": 0.9043407812398685,
    "n_features": 106,
    "n_samples_train": 2007,
    "n_samples_test": 502,
    "residual_mean": 4.89677140110146,
    "residual_std": 48.493555417080614,
    "residual_min": -206.84280146318497,
    "residual_max": 227.18399768730592,
    "durbin_watson": 2.085819607931632,
    "breusch_pagan_stat": 67.0874093285385,
    "breusch_pagan_pvalue": 0.998844958791946,
    "heteroskedasticity_corr": -0.2539190144984264,
    "cooks_distance_max": 0.21761135969139636,
    "cooks_distance_mean": 0.0007420668520838399,
    "cooks_distance_95percentile": 0.0021188974398099795,
    "n_influential_points": 108,
    "influential_points_pct": 5.408112168252378,
    "threshold": 0.001993024414549078,
    "best_model_name": "lasso"
  }
}
