Modell,R²,MAE,RMSE,CV-MAE (5-fold)
Ridge (alpha=5),0.9289651237715892,35.57021004904297,46.03839418032562,35.57021004904297
Lasso (alpha=0.01),0.9276327774527044,35.63683396978738,46.46814173489362,35.63683396978738
Linear Regression,0.9273181878920469,35.59588381687032,46.569033680253476,35.59588381687032
