Modell,R²,MAE,RMSE,CV-MAE (5-fold)
Ridge (alpha=5),0.9301067739745862,35.2556923540918,45.66693835444142,35.2556923540918
Lasso (alpha=0.01),0.9288292039646651,35.24288917665141,46.082418605469385,35.24288917665141
Linear Regression,0.9283741422394722,35.20830387990814,46.229507945762236,35.20830387990814
Random Forest,0.9224230199704566,37.523462169127846,48.1117093939859,37.523462169127846
