Modell,R²,MAE,RMSE,CV-MAE (5-fold)
Ridge (alpha=5),0.9297130775669985,35.39046088855717,45.795374711106696,35.39046088855717
Lasso (alpha=0.01),0.9283715315988317,35.38471483253236,46.23035043153698,35.38471483253236
Linear Regression,0.9278368911362385,35.35600131858532,46.40256314342459,35.35600131858532
Random Forest,0.9223491576671665,37.52378519923577,48.13460791492702,37.52378519923577
